{"cameraMode":{"drawMode":0,"name":"Shaded","section":"Shading Mode"},"sceneLighting":false,"audioPlay":false,"sceneViewState":{"m_AlwaysRefresh":true,"showFog":true,"showSkybox":false,"showFlares":true,"showImageEffects":true,"showParticleSystems":true,"showVisualEffectGraphs":true,"m_FxEnabled":true},"in2DMode":false,"pivot":{"x":12.586606979370118,"y":0.2282465398311615,"z":4.6724162101745609},"rotation":{"x":-0.0446753054857254,"y":-0.9329854846000671,"z":0.1213965192437172,"w":-0.33618882298469546},"size":0.6271058917045593,"orthographic":false}