{"cameraMode":{"drawMode":0,"name":"Shaded","section":"Shading Mode"},"sceneLighting":false,"audioPlay":false,"sceneViewState":{"m_AlwaysRefresh":true,"showFog":true,"showSkybox":false,"showFlares":true,"showImageEffects":true,"showParticleSystems":true,"showVisualEffectGraphs":true,"m_FxEnabled":true},"in2DMode":false,"pivot":{"x":-0.004047274589538574,"y":0.033684030175209048,"z":0.019939392805099489},"rotation":{"x":-0.1436339169740677,"y":0.5073859095573425,"z":-0.08620783686637879,"w":-0.8452950716018677},"size":0.3531651496887207,"orthographic":false}