{"cameraMode":{"drawMode":0,"name":"Shaded","section":"Shading Mode"},"sceneLighting":false,"audioPlay":false,"sceneViewState":{"m_AlwaysRefresh":true,"showFog":true,"showSkybox":false,"showFlares":true,"showImageEffects":true,"showParticleSystems":true,"showVisualEffectGraphs":true,"m_FxEnabled":true},"in2DMode":false,"pivot":{"x":12.410903930664063,"y":0.6306893825531006,"z":-20.18515396118164},"rotation":{"x":0.20562583208084107,"y":-0.3356749415397644,"z":0.07539296895265579,"w":0.9162425398826599},"size":3.7228856086730959,"orthographic":false}