{"cameraMode":{"drawMode":0,"name":"Shaded","section":"Shading Mode"},"sceneLighting":false,"audioPlay":false,"sceneViewState":{"m_AlwaysRefresh":true,"showFog":true,"showSkybox":false,"showFlares":true,"showImageEffects":true,"showParticleSystems":true,"showVisualEffectGraphs":true,"m_FxEnabled":true},"in2DMode":false,"pivot":{"x":0.3038082718849182,"y":2.128829002380371,"z":0.005348563194274902},"rotation":{"x":0.14811182022094727,"y":0.04420698434114456,"z":-0.006613998208194971,"w":0.9879566431045532},"size":0.7267289757728577,"orthographic":false}