{"cameraMode":{"drawMode":0,"name":"Shaded","section":"Shading Mode"},"sceneLighting":false,"audioPlay":false,"sceneViewState":{"m_AlwaysRefresh":false,"showFog":true,"showSkybox":false,"showFlares":true,"showImageEffects":true,"showParticleSystems":true,"showVisualEffectGraphs":true,"m_FxEnabled":true},"in2DMode":false,"pivot":{"x":8.24515438079834,"y":0.45818257331848147,"z":6.970953941345215},"rotation":{"x":-0.23617129027843476,"y":-0.05477307736873627,"z":0.013341161422431469,"w":-0.9700835347175598},"size":0.8660253882408142,"orthographic":false}