{"cameraMode":{"drawMode":0,"name":"Shaded","section":"Shading Mode"},"sceneLighting":false,"audioPlay":false,"sceneViewState":{"m_AlwaysRefresh":false,"showFog":true,"showSkybox":false,"showFlares":true,"showImageEffects":true,"showParticleSystems":true,"showVisualEffectGraphs":true,"m_FxEnabled":true},"in2DMode":false,"pivot":{"x":22.860000610351564,"y":2.7139739990234377,"z":4.78000020980835},"rotation":{"x":-0.24930548667907716,"y":0.051067642867565158,"z":-0.01327328011393547,"w":-0.9670601487159729},"size":1.2397913932800294,"orthographic":false}