{"cameraMode":{"drawMode":0,"name":"Shaded","section":"Shading Mode"},"sceneLighting":false,"audioPlay":false,"sceneViewState":{"m_AlwaysRefresh":true,"showFog":true,"showSkybox":false,"showFlares":true,"showImageEffects":true,"showParticleSystems":true,"showVisualEffectGraphs":true,"m_FxEnabled":true},"in2DMode":false,"pivot":{"x":-103.99675750732422,"y":2.1012747287750246,"z":-18.919708251953126},"rotation":{"x":-0.20394998788833619,"y":0.44444671273231509,"z":-0.10557827353477478,"w":-0.8659607768058777},"size":3.7448365688323976,"orthographic":false}