{"cameraMode":{"drawMode":0,"name":"Shaded","section":"Shading Mode"},"sceneLighting":false,"audioPlay":false,"sceneViewState":{"m_AlwaysRefresh":false,"showFog":true,"showSkybox":false,"showFlares":true,"showImageEffects":true,"showParticleSystems":true,"showVisualEffectGraphs":true,"m_FxEnabled":true},"in2DMode":false,"pivot":{"x":24.770788192749025,"y":0.14929962158203126,"z":-12.029651641845704},"rotation":{"x":0.2639431059360504,"y":-0.042962223291397098,"z":0.011189199984073639,"w":0.9636901617050171},"size":27.319812774658204,"orthographic":false}