{"cameraMode":{"drawMode":0,"name":"Shaded","section":"Shading Mode"},"sceneLighting":false,"audioPlay":false,"sceneViewState":{"m_AlwaysRefresh":false,"showFog":true,"showSkybox":false,"showFlares":true,"showImageEffects":true,"showParticleSystems":true,"showVisualEffectGraphs":true,"m_FxEnabled":true},"in2DMode":false,"pivot":{"x":0.8423420786857605,"y":-0.6784431338310242,"z":0.8358693718910217},"rotation":{"x":-0.0037049998063594105,"y":0.9935541152954102,"z":0.08390919119119644,"w":0.0779806599020958},"size":1.8053823709487916,"orthographic":false}