{"cameraMode":{"drawMode":0,"name":"Shaded","section":"Shading Mode"},"sceneLighting":true,"audioPlay":false,"sceneViewState":{"showFog":true,"showMaterialUpdate":true,"showSkybox":true,"showFlares":true,"showImageEffects":true,"showParticleSystems":true},"in2DMode":false,"pivot":{"x":-1.1416828632354737,"y":53.598941802978519,"z":-58.21311569213867},"rotation":{"x":-0.308008074760437,"y":0.29806870222091677,"z":-0.11051281541585922,"w":-0.8969283103942871},"size":1.5943224430084229,"orthographic":false}