{"cameraMode":{"drawMode":0,"name":"Shaded","section":"Shading Mode"},"sceneLighting":false,"audioPlay":false,"sceneViewState":{"showFog":true,"showMaterialUpdate":true,"showSkybox":false,"showFlares":true,"showImageEffects":true,"showParticleSystems":true},"in2DMode":false,"pivot":{"x":5.702137470245361,"y":-13.153125762939454,"z":7.8372673988342289},"rotation":{"x":0.45262375473976138,"y":-0.34717074036598208,"z":0.19724923372268678,"w":0.7974669337272644},"size":1.4142135381698609,"orthographic":false}