{"cameraMode":{"drawMode":0,"name":"Shaded","section":"Shading Mode"},"sceneLighting":false,"audioPlay":false,"sceneViewState":{"showFog":true,"showMaterialUpdate":true,"showSkybox":false,"showFlares":true,"showImageEffects":true,"showParticleSystems":true},"in2DMode":false,"pivot":{"x":8.29434585571289,"y":2.1798222064971926,"z":-8.325689315795899},"rotation":{"x":0.20981460809707642,"y":0.23880966007709504,"z":-0.045443348586559299,"w":0.9471224546432495},"size":1.5943231582641602,"orthographic":false}