{"cameraMode":{"drawMode":0,"name":"Shaded","section":"Shading Mode"},"sceneLighting":false,"audioPlay":false,"sceneViewState":{"showFog":true,"showMaterialUpdate":true,"showSkybox":false,"showFlares":true,"showImageEffects":true,"showParticleSystems":true},"in2DMode":false,"pivot":{"x":13.935022354125977,"y":1.8557374477386475,"z":15.38593864440918},"rotation":{"x":0.2650139033794403,"y":-0.06472127884626389,"z":0.017894549295306207,"w":0.962039589881897},"size":8.236099243164063,"orthographic":false}