{"cameraMode":{"drawMode":0,"name":"Shaded","section":"Shading Mode"},"sceneLighting":false,"audioPlay":false,"sceneViewState":{"m_AlwaysRefresh":false,"showFog":true,"showSkybox":false,"showFlares":true,"showImageEffects":true,"showParticleSystems":true,"showVisualEffectGraphs":true,"m_FxEnabled":true},"in2DMode":false,"pivot":{"x":159.61570739746095,"y":0.40804290771484377,"z":138.38027954101563},"rotation":{"x":-0.2125205546617508,"y":0.04218799248337746,"z":-0.012048793025314808,"w":-0.9762477278709412},"size":42.47468185424805,"orthographic":false}